﻿<?xml version="1.0" standalone="yes"?>
<NewDataSet>
  <xs:schema id="NewDataSet" xmlns="" xmlns:xs="http://www.w3.org/2001/XMLSchema" xmlns:msdata="urn:schemas-microsoft-com:xml-msdata">
    <xs:element name="NewDataSet" msdata:IsDataSet="true" msdata:MainDataTable="_x0027_TaiKhoan_x0027_" msdata:UseCurrentLocale="true">
      <xs:complexType>
        <xs:choice minOccurs="0" maxOccurs="unbounded">
          <xs:element name="_x0027_TaiKhoan_x0027_">
            <xs:complexType>
              <xs:sequence>
                <xs:element name="MaNhanVien" type="xs:string" minOccurs="0" />
                <xs:element name="MatKhau" type="xs:string" minOccurs="0" />
                <xs:element name="Quyen" type="xs:int" minOccurs="0" />
              </xs:sequence>
            </xs:complexType>
          </xs:element>
        </xs:choice>
      </xs:complexType>
    </xs:element>
  </xs:schema>
  <_x0027_TaiKhoan_x0027_>
    <MaNhanVien>admin</MaNhanVien>
    <MatKhau>admin</MatKhau>
  
  </_x0027_TaiKhoan_x0027_>
  <_x0027_TaiKhoan_x0027_>
    <MaNhanVien>NV001</MaNhanVien>
    <MatKhau>123</MatKhau>
   
  </_x0027_TaiKhoan_x0027_>
  <_x0027_TaiKhoan_x0027_>
    <MaNhanVien>NV002</MaNhanVien>
    <MatKhau>123</MatKhau>
 
  </_x0027_TaiKhoan_x0027_>
  <_x0027_TaiKhoan_x0027_>
    <MaNhanVien>NV003</MaNhanVien>
    <MatKhau>123</MatKhau>
  </_x0027_TaiKhoan_x0027_>
</NewDataSet>
